date_posted,average_salary
0,0.0
1,1.0
2,2.0
3,3.0
4,4.0
5,5.0
6,6.0
7,7.0
8,8.0
9,9.0
10,10.0
11,11.0
12,12.0
13,13.0
14,0.0
15,0.0
16,0.0
17,14.0
18,1.0
19,15.0
20,16.0
21,17.0
22,0.0
23,0.0
24,18.0
25,19.0
26,20.0
27,21.0
28,10.0
29,22.0
30,23.0
31,24.0
32,25.0
33,26.0
34,0.0
35,27.0
36,1.0
37,28.0
38,29.0
39,30.0
40,31.0
41,32.0
42,33.0
43,34.0
44,35.0
45,36.0
46,37.0
47,38.0
48,39.0
49,40.0
50,41.0
51,42.0
52,43.0
53,0.0
54,44.0
55,45.0
56,46.0
57,47.0
58,48.0
59,49.0
60,50.0
61,51.0
62,0.0
63,52.0
64,53.0
65,54.0
66,55.0
67,56.0
68,57.0
69,58.0
70,59.0
71,60.0
72,61.0
73,62.0
74,63.0
75,64.0
76,65.0
77,66.0
78,67.0
79,0.0
80,68.0
81,69.0
82,14.0
83,70.0
84,71.0
85,72.0
86,73.0
87,74.0
88,75.0
89,76.0
90,77.0
91,0.0
92,41.0
93,0.0
94,78.0
95,72.0
96,79.0
97,80.0
98,63.0
99,0.0
100,81.0
101,82.0
102,83.0
103,84.0
104,85.0
105,86.0
106,87.0
107,26.0
108,88.0
109,89.0
110,90.0
111,0.0
112,91.0
113,92.0
114,93.0
115,94.0
116,95.0
117,96.0
118,97.0
119,98.0
120,99.0
121,100.0
122,0.0
123,101.0
124,102.0
125,103.0
126,104.0
127,105.0
128,106.0
129,107.0
130,44.0
131,108.0
132,109.0
133,110.0
134,111.0
135,112.0
136,113.0
137,0.0
138,55.0
139,114.0
140,115.0
141,116.0
142,117.0
143,118.0
144,93.0
145,119.0
146,120.0
147,121.0
148,0.0
149,122.0
150,123.0
151,124.0
152,125.0
153,126.0
154,4.0
155,127.0
156,0.0
157,128.0
158,129.0
159,130.0
160,131.0
161,132.0
162,133.0
163,134.0
164,41.0
165,135.0
166,136.0
167,137.0
168,72.0
169,0.0
170,0.0
171,0.0
172,87.0
173,138.0
174,139.0
175,140.0
176,0.0
177,141.0
178,142.0
179,143.0
180,144.0
181,145.0
182,108.0
183,146.0
184,147.0
185,148.0
186,1.0
187,149.0
188,98.0
189,115.0
190,0.0
191,150.0
192,151.0
193,152.0
194,153.0
195,154.0
196,155.0
197,156.0
198,154.0
199,157.0
200,158.0
201,159.0
202,160.0
203,161.0
204,162.0
205,163.0
206,41.0
207,35.0
208,164.0
209,165.0
210,166.0
211,0.0
212,167.0
213,0.0
214,168.0
215,115.0
216,169.0
217,0.0
218,170.0
219,171.0
220,172.0
221,173.0
222,174.0
223,13.0
224,175.0
225,0.0
226,0.0
227,176.0
228,177.0
229,178.0
230,49.0
231,0.0
232,127.0
233,179.0
234,180.0
235,0.0
236,181.0
237,0.0
238,182.0
239,183.0
240,184.0
241,185.0
242,4.0
243,186.0
244,187.0
245,102.0
246,188.0
247,189.0
248,49.0
249,190.0
250,189.0
251,191.0
252,192.0
253,193.0
254,55.0
255,124.0
256,194.0
257,195.0
258,196.0
259,197.0
260,0.0
261,198.0
262,199.0
263,200.0
264,201.0
265,202.0
266,203.0
267,204.0
268,108.0
269,205.0
270,206.0
271,207.0
272,208.0
273,209.0
274,0.0
275,137.0
276,104.0
277,210.0
278,211.0
279,212.0
280,213.0
281,214.0
282,215.0
283,14.0
284,126.0
285,0.0
286,216.0
287,217.0
288,86.0
289,218.0
290,219.0
291,220.0
292,221.0
293,157.0
294,47.0
295,124.0
296,222.0
297,223.0
298,224.0
299,225.0
300,226.0
301,227.0
302,0.0
303,143.0
304,228.0
305,0.0
306,229.0
307,230.0
308,231.0
309,124.0
310,232.0
311,233.0
312,234.0
313,0.0
314,235.0
315,236.0
316,237.0
317,13.0
318,238.0
319,239.0
320,105.0
321,240.0
322,241.0
323,242.0
324,243.0
325,0.0
326,244.0
327,245.0
328,0.0
329,26.0
330,246.0
331,247.0
332,18.0
333,248.0
334,249.0
335,0.0
336,250.0
337,251.0
338,252.0
339,44.0
340,253.0
341,0.0
342,105.0
343,254.0
344,174.0
345,124.0
346,255.0
347,149.0
348,0.0
349,256.0
350,257.0
351,258.0
352,259.0
353,260.0
354,261.0
355,133.0
356,262.0
357,263.0
358,264.0
359,0.0
360,265.0
361,266.0
362,267.0
363,268.0
364,269.0
365,270.0
366,271.0
367,272.0
368,273.0
369,274.0
370,235.0
371,275.0
372,174.0
373,67.0
374,0.0
375,276.0
376,47.0
377,133.0
378,206.0
379,143.0
380,0.0
381,277.0
382,278.0
383,279.0
384,97.0
385,10.0
386,280.0
387,281.0
388,282.0
389,218.0
390,283.0
391,284.0
392,285.0
393,286.0
394,0.0
395,0.0
396,287.0
397,116.0
398,288.0
399,0.0
400,289.0
401,290.0
402,291.0
403,116.0
404,36.0
405,124.0
406,292.0
407,293.0
408,294.0
409,295.0
410,296.0
411,143.0
412,297.0
413,298.0
414,299.0
415,118.0
416,0.0
417,93.0
418,300.0
419,301.0
420,302.0
421,63.0
422,295.0
423,0.0
424,72.0
425,303.0
426,304.0
427,305.0
428,306.0
429,307.0
430,63.0
431,308.0
432,309.0
433,0.0
434,133.0
435,310.0
436,311.0
437,312.0
438,313.0
439,314.0
440,168.0
441,315.0
442,316.0
443,317.0
444,318.0
445,319.0
446,320.0
447,321.0
448,0.0
449,322.0
450,323.0
451,324.0
452,325.0
453,326.0
454,327.0
455,130.0
456,328.0
457,329.0
458,330.0
459,331.0
460,332.0
461,260.0
462,333.0
463,334.0
464,335.0
465,336.0
466,206.0
467,337.0
468,139.0
469,338.0
470,339.0
471,340.0
472,341.0
473,342.0
474,340.0
475,343.0
476,344.0
477,36.0
478,345.0
479,44.0
480,346.0
481,347.0
482,55.0
483,0.0
484,348.0
485,349.0
486,101.0
487,350.0
488,296.0
489,163.0
490,351.0
491,63.0
492,352.0
493,353.0
494,354.0
495,355.0
496,356.0
497,357.0
498,49.0
499,41.0
500,358.0
501,105.0
502,59.0
503,147.0
504,0.0
505,10.0
506,359.0
507,360.0
508,361.0
509,143.0
510,362.0
511,143.0
512,363.0
513,143.0
514,364.0
515,0.0
516,365.0
517,366.0
518,235.0
519,325.0
520,367.0
521,368.0
522,351.0
523,369.0
524,0.0
525,147.0
526,370.0
527,371.0
528,372.0
529,370.0
530,116.0
531,373.0
532,26.0
533,168.0
534,374.0
535,375.0
536,209.0
537,0.0
538,376.0
539,377.0
540,378.0
541,49.0
542,379.0
543,18.0
544,21.0
545,380.0
546,381.0
547,382.0
548,383.0
549,206.0
550,377.0
551,384.0
552,385.0
553,386.0
554,35.0
555,0.0
556,174.0
557,387.0
558,388.0
559,0.0
560,389.0
561,390.0
562,174.0
563,391.0
564,392.0
565,0.0
566,393.0
567,14.0
568,394.0
569,395.0
570,0.0
571,0.0
572,396.0
573,0.0
574,0.0
575,49.0
576,1.0
577,397.0
578,86.0
579,398.0
580,399.0
581,400.0
582,401.0
583,4.0
584,402.0
585,4.0
586,403.0
587,404.0
588,405.0
589,0.0
590,406.0
591,407.0
592,408.0
593,377.0
594,22.0
595,409.0
596,0.0
597,0.0
598,267.0
599,410.0
600,411.0
601,412.0
602,377.0
603,205.0
604,295.0
605,97.0
606,413.0
607,26.0
608,414.0
609,63.0
610,0.0
611,415.0
612,416.0
613,0.0
614,58.0
615,417.0
616,418.0
617,411.0
618,419.0
619,420.0
620,421.0
621,265.0
622,422.0
623,423.0
624,0.0
625,424.0
626,425.0
627,116.0
628,426.0
629,427.0
630,428.0
631,0.0
632,429.0
633,44.0
634,430.0
635,431.0
636,432.0
637,433.0
638,434.0
639,435.0
640,436.0
641,0.0
642,437.0
643,86.0
644,133.0
645,438.0
646,439.0
647,283.0
648,283.0
649,283.0
650,52.0
651,440.0
652,441.0
653,442.0
654,443.0
655,99.0
656,444.0
657,97.0
658,124.0
659,445.0
660,446.0
661,447.0
662,174.0
663,448.0
664,449.0
665,450.0
666,133.0
667,0.0
668,451.0
669,452.0
670,44.0
671,453.0
672,0.0
673,454.0
674,87.0
675,455.0
676,456.0
677,57.0
678,457.0
679,105.0
680,458.0
681,459.0
682,460.0
683,461.0
684,0.0
685,462.0
686,463.0
687,464.0
688,137.0
689,465.0
690,0.0
691,466.0
692,63.0
693,467.0
694,468.0
695,1.0
696,0.0
697,469.0
698,470.0
699,471.0
700,472.0
701,473.0
702,474.0
703,0.0
704,0.0
705,475.0
706,476.0
707,477.0
708,0.0
709,0.0
710,0.0
711,0.0
712,0.0
713,0.0
714,478.0
715,0.0
716,0.0
717,0.0
718,0.0
719,479.0
720,0.0
721,0.0
722,0.0
723,0.0
724,0.0
725,0.0
726,0.0
727,0.0
728,480.0
729,0.0
730,72.0
731,0.0
732,0.0
733,0.0
734,0.0
735,0.0
736,0.0
737,0.0
738,0.0
739,0.0
740,0.0
741,0.0
742,0.0
743,0.0
744,0.0
745,0.0
746,0.0
747,0.0
748,0.0
749,0.0
750,0.0
751,0.0
752,0.0
753,0.0
754,0.0
755,0.0
756,111.0
757,0.0
758,0.0
759,0.0
760,0.0
761,481.0
762,0.0
763,0.0
764,0.0
765,482.0
766,44.0
767,0.0
768,0.0
769,0.0
770,483.0
771,0.0
772,0.0
773,0.0
774,0.0
775,0.0
776,104.0
777,0.0
778,484.0
779,0.0
780,0.0
781,485.0
782,0.0
783,486.0
784,0.0
785,487.0
786,0.0
787,0.0
788,0.0
789,0.0
790,0.0
791,488.0
792,436.0
793,0.0
794,486.0
795,0.0
796,489.0
797,490.0
798,0.0
799,0.0
800,0.0
801,491.0
802,386.0
803,486.0
804,0.0
805,492.0
806,149.0
807,0.0
808,493.0
809,41.0
810,44.0
811,0.0
812,0.0
813,105.0
814,0.0
815,0.0
816,0.0
817,0.0
818,0.0
819,0.0
820,0.0
821,0.0
822,494.0
823,0.0
824,0.0
825,0.0
826,61.0
827,0.0
828,495.0
829,0.0
830,0.0
831,0.0
832,496.0
833,0.0
834,497.0
835,0.0
836,424.0
837,0.0
838,0.0
839,498.0
840,0.0
841,0.0
842,0.0
843,0.0
844,0.0
845,0.0
846,499.0
847,0.0
848,0.0
849,0.0
850,0.0
851,0.0
852,0.0
853,0.0
854,500.0
855,485.0
856,0.0
857,0.0
858,501.0
859,0.0
860,0.0
861,0.0
862,0.0
863,0.0
864,0.0
865,0.0
866,0.0
867,0.0
868,0.0
869,4.0
870,0.0
871,0.0
872,0.0
873,0.0
874,0.0
875,0.0
876,0.0
877,0.0
878,0.0
879,0.0
880,0.0
881,0.0
882,0.0
883,0.0
884,0.0
885,0.0
886,0.0
887,502.0
888,503.0
889,0.0
890,0.0
891,0.0
892,0.0
893,0.0
894,0.0
895,0.0
896,0.0
897,346.0
898,504.0
899,0.0
900,505.0
901,506.0
902,507.0
903,0.0
904,18.0
905,508.0
906,0.0
907,509.0
908,0.0
909,510.0
910,0.0
911,0.0
912,0.0
913,0.0
914,0.0
915,0.0
916,218.0
917,0.0
918,101.0
919,0.0
920,0.0
921,0.0
922,0.0
923,511.0
924,0.0
925,0.0
926,512.0
927,513.0
928,514.0
929,0.0
930,515.0
931,0.0
932,260.0
933,0.0
934,0.0
935,0.0
936,0.0
937,0.0
938,516.0
939,0.0
940,0.0
941,0.0
942,0.0
943,0.0
944,517.0
945,149.0
946,518.0
947,0.0
948,468.0
949,0.0
950,86.0
951,519.0
952,0.0
953,0.0
954,520.0
955,521.0
956,522.0
957,0.0
958,523.0
959,524.0
960,0.0
961,0.0
962,0.0
963,525.0
964,370.0
965,526.0
966,0.0
967,469.0
968,527.0
969,0.0
970,0.0
971,0.0
972,0.0
973,1.0
974,0.0
975,0.0
976,0.0
977,0.0
978,282.0
979,0.0
980,528.0
981,529.0
982,0.0
983,0.0
984,143.0
985,0.0
986,530.0
987,0.0
988,264.0
989,0.0
990,531.0
991,532.0
992,257.0
993,533.0
994,0.0
995,0.0
996,89.0
997,0.0
998,0.0
999,534.0
1000,0.0
1001,535.0
1002,536.0
1003,0.0
1004,143.0
1005,537.0
1006,538.0
1007,0.0
1008,44.0
1009,0.0
1010,0.0
1011,14.0
1012,539.0
1013,0.0
1014,540.0
1015,206.0
1016,44.0
1017,0.0
1018,541.0
1019,0.0
1020,0.0
1021,542.0
1022,0.0
1023,208.0
1024,0.0
1025,296.0
1026,0.0
1027,441.0
1028,0.0
1029,543.0
1030,0.0
1031,0.0
1032,0.0
1033,544.0
1034,0.0
1035,0.0
1036,0.0
1037,0.0
1038,545.0
1039,0.0
1040,0.0
1041,0.0
1042,546.0
1043,0.0
1044,0.0
1045,547.0
1046,548.0
1047,0.0
1048,0.0
1049,0.0
1050,549.0
1051,0.0
1052,0.0
1053,0.0
1054,0.0
1055,550.0
1056,183.0
1057,0.0
1058,0.0
1059,551.0
1060,0.0
1061,177.0
1062,0.0
1063,189.0
1064,552.0
1065,553.0
1066,0.0
1067,0.0
1068,104.0
1069,554.0
1070,555.0
1071,143.0
1072,556.0
1073,0.0
1074,0.0
1075,557.0
1076,558.0
1077,237.0
1078,559.0
1079,560.0
1080,561.0
1081,0.0
1082,0.0
1083,0.0
1084,0.0
1085,0.0
1086,271.0
1087,562.0
1088,563.0
1089,200.0
1090,0.0
1091,0.0
1092,0.0
1093,564.0
1094,0.0
1095,0.0
1096,0.0
1097,0.0
1098,565.0
1099,0.0
1100,0.0
1101,566.0
1102,567.0
1103,210.0
1104,0.0
1105,568.0
1106,461.0
1107,0.0
1108,569.0
1109,570.0
1110,0.0
1111,0.0
1112,206.0
1113,0.0
1114,571.0
1115,0.0
1116,0.0
1117,572.0
1118,0.0
1119,0.0
1120,0.0
1121,0.0
1122,0.0
1123,0.0
1124,0.0
1125,0.0
1126,0.0
1127,573.0
1128,0.0
1129,574.0
1130,575.0
1131,0.0
1132,0.0
1133,0.0
1134,0.0
1135,0.0
1136,576.0
1137,0.0
1138,577.0
1139,0.0
1140,0.0
1141,0.0
1142,0.0
1143,0.0
1144,0.0
1145,117.0
1146,0.0
1147,111.0
1148,255.0
1149,0.0
1150,0.0
1151,0.0
1152,578.0
1153,579.0
1154,133.0
1155,0.0
1156,580.0
1157,0.0
1158,0.0
1159,441.0
1160,581.0
1161,456.0
1162,0.0
1163,0.0
1164,582.0
1165,0.0
1166,0.0
1167,583.0
1168,108.0
1169,0.0
1170,294.0
1171,208.0
1172,263.0
1173,0.0
1174,0.0
1175,499.0
1176,0.0
1177,18.0
1178,254.0
1179,0.0
1180,0.0
1181,0.0
1182,0.0
1183,0.0
1184,184.0
1185,243.0
1186,0.0
1187,0.0
1188,0.0
1189,0.0
1190,0.0
1191,0.0
1192,0.0
1193,584.0
1194,0.0
1195,0.0
1196,0.0
1197,585.0
1198,0.0
1199,0.0
1200,49.0
1201,0.0
1202,586.0
1203,283.0
1204,143.0
1205,0.0
1206,0.0
1207,587.0
1208,0.0
1209,588.0
1210,0.0
1211,0.0
1212,589.0
1213,428.0
1214,0.0
1215,0.0
1216,0.0
1217,590.0
1218,591.0
1219,592.0
1220,593.0
1221,594.0
1222,595.0
1223,595.0
1224,0.0
1225,0.0
1226,0.0
1227,63.0
1228,596.0
1229,133.0
1230,424.0
1231,0.0
1232,597.0
1233,0.0
1234,0.0
1235,0.0
1236,0.0
1237,598.0
1238,599.0
1239,0.0
1240,600.0
1241,0.0
1242,0.0
1243,0.0
1244,601.0
1245,602.0
1246,439.0
1247,0.0
1248,603.0
1249,0.0
1250,0.0
1251,0.0
1252,0.0
1253,604.0
1254,605.0
1255,0.0
1256,213.0
1257,283.0
1258,0.0
1259,606.0
1260,0.0
1261,433.0
1262,0.0
1263,607.0
1264,608.0
1265,609.0
1266,0.0
1267,0.0
1268,171.0
1269,610.0
1270,611.0
1271,0.0
1272,0.0
1273,0.0
1274,0.0
1275,612.0
1276,0.0
1277,0.0
1278,0.0
1279,13.0
1280,0.0
1281,0.0
1282,0.0
1283,0.0
1284,613.0
1285,461.0
1286,0.0
1287,436.0
1288,268.0
1289,0.0
1290,369.0
1291,0.0
1292,0.0
1293,157.0
1294,4.0
1295,168.0
1296,0.0
1297,209.0
1298,0.0
1299,0.0
1300,614.0
1301,615.0
1302,616.0
1303,0.0
1304,0.0
1305,398.0
1306,617.0
1307,174.0
1308,0.0
1309,618.0
1310,0.0
1311,619.0
1312,0.0
1313,0.0
1314,0.0
1315,0.0
1316,273.0
1317,0.0
1318,620.0
1319,621.0
1320,622.0
1321,623.0
1322,0.0
1323,624.0
1324,0.0
1325,0.0
1326,86.0
1327,0.0
1328,625.0
1329,0.0
1330,626.0
1331,0.0
1332,627.0
1333,182.0
1334,628.0
1335,0.0
1336,0.0
1337,0.0
1338,0.0
1339,629.0
1340,630.0
1341,631.0
1342,0.0
1343,0.0
1344,0.0
1345,0.0
1346,0.0
1347,0.0
1348,0.0
1349,0.0
1350,0.0
1351,473.0
1352,632.0
1353,0.0
1354,0.0
1355,0.0
1356,633.0
1357,0.0
1358,0.0
1359,0.0
1360,634.0
1361,407.0
1362,635.0
1363,0.0
1364,0.0
1365,0.0
1366,432.0
1367,449.0
1368,636.0
1369,0.0
1370,0.0
1371,124.0
1372,0.0
1373,637.0
1374,0.0
1375,624.0
1376,638.0
1377,0.0
1378,0.0
1379,639.0
1380,0.0
1381,640.0
1382,0.0
1383,223.0
1384,0.0
1385,0.0
1386,120.0
1387,641.0
1388,642.0
1389,0.0
1390,643.0
1391,0.0
1392,289.0
1393,0.0
1394,0.0
1395,0.0
1396,0.0
1397,0.0
1398,288.0
1399,644.0
1400,645.0
1401,1.0
1402,0.0
1403,0.0
1404,646.0
1405,411.0
1406,0.0
1407,647.0
1408,0.0
1409,648.0
1410,172.0
1411,0.0
1412,649.0
1413,650.0
1414,0.0
1415,0.0
1416,370.0
1417,0.0
1418,651.0
1419,0.0
1420,358.0
1421,0.0
1422,0.0
1423,0.0
1424,93.0
1425,0.0
1426,652.0
1427,0.0
1428,0.0
1429,653.0
1430,0.0
1431,124.0
1432,0.0
1433,0.0
1434,654.0
1435,0.0
1436,0.0
1437,345.0
1438,0.0
1439,655.0
1440,349.0
1441,0.0
1442,0.0
1443,656.0
1444,0.0
1445,0.0
1446,0.0
1447,0.0
1448,0.0
1449,0.0
1450,657.0
1451,0.0
1452,0.0
1453,97.0
1454,0.0
1455,235.0
1456,0.0
1457,0.0
1458,0.0
1459,0.0
1460,0.0
1461,0.0
1462,0.0
1463,0.0
1464,0.0
1465,0.0
1466,658.0
1467,0.0
1468,0.0
1469,0.0
1470,659.0
1471,0.0
1472,0.0
1473,0.0
1474,0.0
1475,391.0
1476,0.0
1477,660.0
1478,0.0
1479,661.0
1480,0.0
1481,662.0
1482,0.0
1483,0.0
1484,0.0
1485,663.0
1486,664.0
1487,0.0
1488,173.0
1489,203.0
1490,665.0
1491,0.0
1492,326.0
1493,0.0
1494,0.0
1495,0.0
1496,666.0
1497,0.0
1498,260.0
1499,0.0
1500,219.0
1501,0.0
1502,0.0
1503,667.0
1504,0.0
1505,377.0
1506,668.0
1507,0.0
1508,669.0
1509,0.0
1510,670.0
1511,0.0
1512,671.0
1513,0.0
1514,0.0
1515,672.0
1516,0.0
1517,0.0
1518,673.0
1519,0.0
1520,674.0
1521,0.0
1522,434.0
1523,675.0
1524,0.0
1525,210.0
1526,0.0
1527,0.0
1528,0.0
1529,0.0
1530,676.0
1531,0.0
1532,677.0
1533,678.0
1534,0.0
1535,679.0
1536,1.0
1537,0.0
1538,0.0
1539,680.0
1540,0.0
1541,681.0
1542,0.0
1543,682.0
1544,0.0
1545,63.0
1546,683.0
1547,1.0
1548,0.0
1549,49.0
1550,684.0
1551,685.0
1552,0.0
1553,686.0
1554,22.0
1555,687.0
1556,57.0
1557,0.0
1558,688.0
1559,689.0
1560,0.0
1561,0.0
1562,690.0
1563,691.0
1564,0.0
1565,0.0
1566,692.0
1567,693.0
1568,0.0
1569,694.0
1570,0.0
1571,0.0
1572,0.0
1573,0.0
1574,695.0
1575,696.0
1576,0.0
1577,697.0
1578,127.0
1579,698.0
1580,271.0
1581,0.0
1582,0.0
1583,699.0
1584,700.0
1585,0.0
1586,701.0
1587,0.0
1588,0.0
1589,702.0
1590,703.0
1591,0.0
1592,0.0
1593,0.0
1594,473.0
1595,0.0
1596,0.0
1597,704.0
1598,0.0
1599,0.0
1600,705.0
1601,0.0
1602,0.0
1603,0.0
1604,315.0
1605,706.0
1606,0.0
1607,173.0
1608,305.0
1609,0.0
1610,707.0
1611,0.0
1612,708.0
1613,0.0
1614,709.0
1615,384.0
1616,0.0
1617,0.0
1618,0.0
1619,0.0
1620,710.0
1621,0.0
1622,0.0
1623,711.0
1624,325.0
1625,712.0
1626,261.0
1627,713.0
1628,714.0
1629,0.0
1630,0.0
1631,715.0
1632,665.0
1633,716.0
1634,267.0
1635,717.0
1636,718.0
1637,0.0
1638,0.0
1639,0.0
1640,0.0
1641,0.0
1642,719.0
1643,0.0
1644,0.0
1645,720.0
1646,319.0
1647,58.0
1648,0.0
1649,721.0
1650,0.0
1651,722.0
1652,723.0
1653,0.0
1654,0.0
1655,0.0
1656,0.0
1657,0.0
1658,0.0
1659,724.0
1660,725.0
1661,174.0
1662,0.0
1663,0.0
1664,0.0
1665,726.0
1666,0.0
1667,727.0
1668,0.0
1669,0.0
1670,728.0
1671,358.0
1672,472.0
1673,97.0
1674,0.0
1675,0.0
1676,0.0
1677,0.0
1678,0.0
1679,0.0
1680,729.0
1681,0.0
1682,124.0
1683,0.0
1684,0.0
1685,0.0
1686,0.0
1687,47.0
1688,105.0
1689,0.0
1690,0.0
1691,0.0
1692,0.0
1693,0.0
1694,0.0
1695,730.0
1696,0.0
1697,731.0
1698,385.0
1699,0.0
1700,0.0
1701,0.0
1702,732.0
1703,0.0
1704,0.0
1705,0.0
1706,0.0
1707,733.0
1708,734.0
1709,0.0
1710,222.0
1711,0.0
1712,0.0
1713,0.0
1714,735.0
1715,736.0
1716,737.0
1717,738.0
1718,739.0
1719,105.0
1720,740.0
1721,0.0
1722,741.0
1723,86.0
1724,0.0
1725,0.0
1726,0.0
1727,742.0
1728,743.0
1729,0.0
1730,0.0
1731,0.0
1732,441.0
1733,0.0
1734,451.0
1735,0.0
1736,35.0
1737,0.0
1738,0.0
1739,744.0
1740,0.0
1741,0.0
1742,745.0
1743,0.0
1744,537.0
1745,0.0
1746,0.0
1747,746.0
1748,381.0
1749,0.0
1750,0.0
1751,0.0
1752,747.0
1753,748.0
1754,0.0
1755,0.0
1756,0.0
1757,749.0
1758,0.0
1759,0.0
1760,260.0
1761,0.0
1762,0.0
1763,0.0
1764,750.0
1765,104.0
1766,0.0
1767,0.0
1768,0.0
1769,337.0
1770,751.0
1771,0.0
1772,0.0
1773,0.0
1774,0.0
1775,0.0
1776,0.0
1777,0.0
1778,752.0
1779,0.0
1780,0.0
1781,753.0
1782,754.0
1783,365.0
1784,755.0
1785,0.0
1786,756.0
1787,0.0
1788,757.0
1789,0.0
1790,758.0
1791,0.0
1792,269.0
1793,0.0
1794,0.0
1795,105.0
1796,0.0
1797,0.0
1798,0.0
1799,0.0
1800,0.0
1801,0.0
1802,0.0
1803,759.0
1804,0.0
1805,760.0
1806,761.0
1807,0.0
1808,0.0
1809,220.0
1810,305.0
1811,762.0
1812,763.0
1813,0.0
1814,0.0
1815,764.0
1816,0.0
1817,765.0
1818,766.0
1819,767.0
1820,249.0
1821,768.0
1822,769.0
1823,770.0
1824,0.0
1825,0.0
1826,0.0
1827,120.0
1828,0.0
1829,771.0
1830,0.0
1831,772.0
1832,773.0
1833,774.0
1834,775.0
1835,63.0
1836,776.0
1837,0.0
1838,0.0
1839,0.0
1840,777.0
1841,0.0
1842,0.0
1843,244.0
1844,778.0
1845,0.0
1846,0.0
1847,779.0
1848,780.0
1849,0.0
1850,0.0
1851,405.0
1852,781.0
1853,0.0
1854,0.0
1855,782.0
1856,0.0
1857,0.0
1858,0.0
1859,329.0
1860,0.0
1861,0.0
1862,0.0
1863,0.0
1864,0.0
1865,438.0
1866,0.0
1867,0.0
1868,0.0
1869,0.0
1870,0.0
1871,783.0
1872,0.0
1873,0.0
1874,0.0
1875,0.0
1876,0.0
1877,143.0
1878,784.0
1879,403.0
1880,785.0
1881,0.0
1882,0.0
1883,786.0
1884,0.0
1885,787.0
1886,788.0
1887,516.0
1888,143.0
1889,0.0
1890,0.0
1891,473.0
1892,0.0
1893,789.0
1894,0.0
1895,0.0
1896,0.0
1897,0.0
1898,0.0
1899,0.0
1900,0.0
1901,208.0
1902,0.0
1903,204.0
1904,0.0
1905,790.0
1906,0.0
1907,35.0
1908,791.0
1909,0.0
1910,792.0
1911,327.0
1912,226.0
1913,474.0
1914,0.0
1915,124.0
1916,0.0
1917,793.0
1918,0.0
1919,0.0
1920,0.0
1921,0.0
1922,264.0
1923,0.0
1924,0.0
1925,0.0
1926,506.0
1927,180.0
1928,0.0
1929,794.0
1930,0.0
1931,795.0
1932,0.0
1933,0.0
1934,0.0
1935,796.0
1936,797.0
1937,205.0
1938,0.0
1939,206.0
1940,0.0
1941,0.0
1942,0.0
1943,0.0
1944,0.0
1945,0.0
1946,0.0
1947,0.0
1948,0.0
1949,0.0
1950,798.0
1951,0.0
1952,0.0
1953,347.0
1954,799.0
1955,0.0
1956,373.0
1957,0.0
1958,276.0
1959,174.0
1960,0.0
1961,0.0
1962,800.0
1963,801.0
1964,802.0
1965,803.0
1966,0.0
1967,342.0
1968,804.0
1969,0.0
1970,0.0
1971,0.0
1972,0.0
1973,496.0
1974,0.0
1975,805.0
1976,143.0
1977,0.0
1978,0.0
1979,0.0
1980,806.0
1981,0.0
1982,0.0
1983,0.0
1984,0.0
1985,214.0
1986,0.0
1987,807.0
1988,808.0
1989,0.0
1990,563.0
1991,0.0
1992,642.0
1993,0.0
1994,809.0
1995,0.0
1996,0.0
1997,810.0
1998,0.0
1999,0.0
2000,811.0
2001,0.0
2002,424.0
2003,0.0
2004,0.0
2005,47.0
2006,563.0
2007,0.0
2008,0.0
2009,0.0
2010,812.0
2011,0.0
2012,813.0
2013,0.0
2014,446.0
2015,18.0
2016,0.0
2017,0.0
2018,814.0
2019,815.0
2020,0.0
2021,0.0
2022,0.0
2023,816.0
2024,0.0
2025,0.0
2026,817.0
2027,818.0
2028,0.0
2029,0.0
2030,773.0
2031,397.0
2032,0.0
2033,0.0
2034,0.0
2035,0.0
2036,0.0
2037,0.0
2038,0.0
2039,0.0
2040,0.0
2041,0.0
2042,819.0
2043,0.0
2044,0.0
2045,820.0
2046,243.0
2047,260.0
2048,821.0
2049,822.0
2050,0.0
2051,823.0
2052,824.0
2053,0.0
2054,825.0
2055,0.0
2056,58.0
2057,0.0
2058,826.0
2059,827.0
2060,260.0
2061,0.0
2062,130.0
2063,0.0
2064,828.0
2065,0.0
2066,0.0
2067,116.0
2068,58.0
2069,0.0
2070,0.0
2071,295.0
2072,0.0
2073,0.0
2074,829.0
2075,0.0
2076,0.0
2077,830.0
2078,806.0
2079,432.0
2080,447.0
2081,283.0
2082,516.0
2083,0.0
2084,0.0
2085,0.0
2086,0.0
2087,831.0
2088,0.0
2089,0.0
2090,832.0
2091,0.0
2092,0.0
2093,0.0
2094,0.0
2095,0.0
2096,0.0
2097,0.0
2098,0.0
2099,143.0
2100,0.0
2101,833.0
2102,834.0
2103,835.0
2104,836.0
2105,377.0
2106,0.0
2107,0.0
2108,0.0
2109,0.0
2110,0.0
2111,837.0
2112,36.0
2113,295.0
2114,838.0
2115,105.0
2116,168.0
2117,839.0
2118,840.0
2119,0.0
2120,287.0
2121,0.0
2122,0.0
2123,0.0
2124,841.0
2125,0.0
2126,0.0
2127,0.0
2128,0.0
2129,0.0
2130,842.0
2131,0.0
2132,0.0
2133,0.0
2134,0.0
2135,0.0
2136,843.0
2137,0.0
2138,844.0
2139,0.0
2140,845.0
2141,0.0
2142,0.0
2143,0.0
2144,0.0
2145,0.0
2146,0.0
2147,0.0
2148,846.0
2149,0.0
2150,179.0
2151,0.0
2152,847.0
2153,0.0
2154,848.0
2155,849.0
2156,850.0
2157,0.0
2158,0.0
2159,0.0
2160,0.0
2161,0.0
2162,0.0
2163,0.0
2164,0.0
2165,0.0
2166,0.0
2167,195.0
2168,0.0
2169,208.0
2170,851.0
2171,267.0
2172,852.0
2173,853.0
2174,0.0
2175,89.0
2176,201.0
2177,854.0
2178,855.0
2179,0.0
2180,0.0
2181,0.0
2182,0.0
2183,0.0
2184,209.0
2185,86.0
2186,0.0
2187,0.0
2188,856.0
2189,0.0
2190,0.0
2191,0.0
2192,857.0
2193,0.0
2194,858.0
2195,0.0
2196,224.0
2197,859.0
2198,860.0
2199,861.0
2200,414.0
2201,312.0
2202,0.0
2203,862.0
2204,863.0
2205,0.0
2206,0.0
2207,472.0
2208,0.0
2209,864.0
2210,0.0
2211,0.0
2212,865.0
2213,866.0
2214,0.0
2215,867.0
2216,1.0
2217,0.0
2218,0.0
2219,0.0
2220,0.0
2221,0.0
2222,0.0
2223,0.0
2224,0.0
2225,0.0
2226,868.0
2227,0.0
2228,0.0
2229,0.0
2230,0.0
2231,869.0
2232,870.0
2233,0.0
2234,871.0
2235,0.0
2236,0.0
2237,872.0
2238,325.0
2239,873.0
2240,471.0
2241,874.0
2242,0.0
2243,0.0
2244,0.0
2245,0.0
2246,124.0
2247,0.0
2248,0.0
2249,0.0
2250,0.0
2251,0.0
2252,57.0
2253,0.0
2254,0.0
2255,875.0
2256,0.0
2257,876.0
2258,873.0
2259,877.0
2260,265.0
2261,0.0
2262,0.0
2263,0.0
2264,0.0
2265,0.0
2266,0.0
2267,0.0
2268,0.0
2269,0.0
2270,163.0
2271,0.0
2272,0.0
2273,0.0
2274,878.0
2275,879.0
2276,0.0
2277,0.0
2278,880.0
2279,0.0
2280,174.0
2281,0.0
2282,419.0
2283,0.0
2284,0.0
2285,881.0
2286,882.0
2287,0.0
2288,0.0
2289,0.0
2290,0.0
2291,0.0
2292,883.0
2293,0.0
2294,0.0
2295,0.0
2296,0.0
2297,0.0
2298,884.0
2299,0.0
2300,0.0
2301,0.0
2302,885.0
2303,0.0
2304,0.0
2305,886.0
2306,0.0
2307,0.0
2308,887.0
2309,393.0
2310,888.0
2311,126.0
2312,0.0
2313,0.0
2314,0.0
2315,0.0
2316,0.0
2317,208.0
2318,281.0
2319,889.0
2320,0.0
2321,890.0
2322,386.0
2323,0.0
2324,0.0
2325,382.0
2326,0.0
2327,0.0
2328,891.0
2329,892.0
2330,893.0
2331,0.0
2332,206.0
2333,357.0
2334,894.0
2335,0.0
2336,0.0
2337,0.0
2338,36.0
2339,895.0
2340,0.0
2341,219.0
2342,0.0
2343,896.0
2344,235.0
2345,0.0
2346,897.0
2347,898.0
2348,0.0
2349,0.0
2350,0.0
2351,0.0
2352,0.0
2353,0.0
2354,0.0
2355,0.0
2356,0.0
2357,0.0
2358,899.0
2359,900.0
2360,0.0
2361,563.0
2362,0.0
2363,211.0
2364,0.0
2365,901.0
2366,0.0
2367,0.0
2368,902.0
2369,903.0
2370,173.0
2371,308.0
2372,904.0
2373,905.0
2374,879.0
2375,227.0
2376,906.0
2377,0.0
2378,427.0
2379,0.0
2380,907.0
2381,0.0
2382,0.0
2383,0.0
2384,908.0
2385,909.0
2386,84.0
2387,910.0
2388,0.0
2389,0.0
2390,0.0
2391,0.0
2392,0.0
2393,57.0
2394,0.0
2395,0.0
2396,55.0
2397,0.0
2398,911.0
2399,912.0
2400,913.0
2401,914.0
2402,915.0
2403,0.0
2404,0.0
2405,0.0
2406,0.0
2407,0.0
2408,916.0
2409,917.0
2410,0.0
2411,0.0
2412,918.0
2413,0.0
2414,0.0
2415,0.0
2416,0.0
2417,919.0
2418,920.0
2419,921.0
2420,0.0
2421,448.0
2422,0.0
2423,0.0
2424,0.0
2425,0.0
2426,922.0
2427,923.0
2428,0.0
2429,0.0
2430,924.0
2431,0.0
2432,925.0
2433,926.0
2434,927.0
2435,44.0
2436,0.0
2437,928.0
2438,0.0
2439,0.0
2440,0.0
2441,0.0
2442,929.0
2443,0.0
2444,0.0
2445,0.0
2446,173.0
2447,0.0
2448,0.0
2449,0.0
2450,206.0
2451,0.0
2452,0.0
2453,930.0
2454,931.0
2455,500.0
2456,0.0
2457,0.0
2458,0.0
2459,932.0
2460,0.0
2461,133.0
2462,933.0
2463,206.0
2464,886.0
2465,101.0
2466,145.0
2467,0.0
2468,0.0
2469,0.0
2470,0.0
2471,0.0
2472,0.0
2473,934.0
2474,0.0
2475,0.0
2476,935.0
2477,0.0
2478,936.0
2479,937.0
2480,378.0
2481,301.0
2482,938.0
2483,0.0
2484,409.0
2485,0.0
2486,939.0
2487,0.0
2488,0.0
2489,940.0
2490,293.0
2491,941.0
2492,942.0
2493,0.0
2494,63.0
2495,943.0
2496,0.0
2497,0.0
2498,0.0
2499,0.0
2500,0.0
2501,0.0
2502,944.0
2503,0.0
2504,0.0
2505,0.0
2506,945.0
2507,0.0
2508,946.0
2509,63.0
2510,0.0
2511,0.0
2512,0.0
2513,0.0
2514,0.0
2515,4.0
2516,0.0
2517,947.0
2518,0.0
2519,671.0
2520,948.0
2521,0.0
2522,202.0
2523,208.0
2524,124.0
2525,949.0
2526,950.0
2527,0.0
2528,0.0
2529,951.0
2530,0.0
2531,0.0
2532,0.0
2533,0.0
2534,0.0
2535,952.0
2536,953.0
2537,0.0
2538,244.0
2539,0.0
2540,569.0
2541,0.0
2542,472.0
2543,22.0
2544,0.0
2545,0.0
2546,437.0
2547,0.0
2548,0.0
2549,0.0
2550,0.0
2551,0.0
2552,0.0
2553,0.0
2554,954.0
2555,0.0
2556,0.0
2557,0.0
2558,0.0
2559,0.0
2560,955.0
2561,0.0
2562,956.0
2563,957.0
2564,958.0
2565,49.0
2566,0.0
2567,105.0
2568,0.0
2569,959.0
2570,960.0
2571,0.0
2572,961.0
2573,0.0
2574,265.0
2575,206.0
2576,0.0
2577,962.0
2578,0.0
2579,0.0
2580,0.0
2581,963.0
2582,0.0
2583,0.0
2584,964.0
2585,118.0
2586,965.0
2587,139.0
2588,966.0
2589,0.0
2590,967.0
2591,0.0
2592,0.0
2593,0.0
2594,0.0
2595,233.0
2596,277.0
2597,968.0
2598,0.0
2599,969.0
2600,970.0
2601,0.0
2602,0.0
2603,0.0
2604,0.0
2605,0.0
2606,0.0
2607,971.0
2608,0.0
2609,972.0
2610,1.0
2611,0.0
2612,973.0
2613,974.0
2614,0.0
2615,105.0
2616,975.0
2617,0.0
2618,439.0
2619,0.0
2620,976.0
2621,0.0
2622,0.0
2623,0.0
2624,241.0
2625,102.0
2626,0.0
2627,977.0
2628,0.0
2629,0.0
2630,203.0
2631,0.0
2632,0.0
2633,0.0
2634,978.0
2635,0.0
2636,21.0
2637,979.0
2638,980.0
2639,0.0
2640,0.0
2641,0.0
2642,563.0
2643,87.0
2644,0.0
2645,0.0
2646,86.0
2647,104.0
2648,283.0
2649,0.0
2650,981.0
2651,982.0
2652,0.0
2653,0.0
2654,983.0
2655,0.0
2656,0.0
2657,984.0
2658,665.0
2659,985.0
2660,84.0
2661,0.0
2662,87.0
2663,520.0
2664,22.0
2665,986.0
2666,0.0
2667,987.0
2668,4.0
2669,184.0
2670,149.0
2671,988.0
2672,288.0
2673,0.0
2674,989.0
2675,0.0
2676,990.0
2677,0.0
2678,105.0
2679,124.0
2680,49.0
2681,0.0
2682,0.0
2683,245.0
2684,991.0
2685,209.0
2686,992.0
2687,0.0
2688,0.0
2689,0.0
2690,0.0
2691,0.0
2692,0.0
2693,0.0
2694,0.0
2695,0.0
2696,0.0
2697,0.0
2698,993.0
2699,0.0
2700,0.0
2701,994.0
2702,35.0
2703,0.0
2704,0.0
2705,200.0
2706,0.0
2707,385.0
2708,0.0
2709,0.0
2710,157.0
2711,0.0
2712,995.0
2713,0.0
2714,0.0
2715,0.0
2716,0.0
2717,0.0
2718,0.0
2719,53.0
2720,0.0
2721,996.0
2722,0.0
2723,0.0
2724,0.0
2725,143.0
2726,0.0
2727,0.0
2728,0.0
2729,0.0
2730,0.0
2731,569.0
2732,0.0
2733,0.0
2734,58.0
2735,0.0
2736,206.0
2737,0.0
2738,0.0
2739,0.0
2740,80.0
2741,0.0
2742,997.0
2743,0.0
2744,0.0
2745,0.0
2746,0.0
2747,0.0
2748,493.0
2749,0.0
2750,0.0
2751,170.0
2752,0.0
2753,0.0
2754,0.0
2755,0.0
2756,998.0
2757,0.0
2758,0.0
2759,0.0
2760,0.0
2761,0.0
2762,0.0
2763,0.0
2764,0.0
2765,1.0
2766,0.0
2767,0.0
2768,0.0
2769,999.0
2770,1000.0
2771,0.0
2772,0.0
2773,0.0
2774,0.0
2775,0.0
2776,0.0
2777,0.0
2778,143.0
2779,0.0
2780,0.0
2781,0.0
2782,1001.0
2783,295.0
2784,0.0
2785,1002.0
2786,0.0
2787,0.0
2788,0.0
2789,0.0
2790,0.0
2791,200.0
2792,0.0
2793,0.0
2794,0.0
2795,0.0
2796,1003.0
2797,0.0
2798,0.0
2799,0.0
2800,1004.0
2801,1.0
2802,0.0
2803,0.0
2804,0.0
2805,0.0
2806,0.0
2807,981.0
2808,0.0
2809,4.0
2810,0.0
2811,63.0
2812,241.0
2813,93.0
2814,1005.0
2815,0.0
2816,35.0
2817,0.0
2818,0.0
2819,671.0
2820,133.0
2821,0.0
2822,0.0
2823,0.0
2824,0.0
2825,0.0
2826,0.0
2827,0.0
2828,0.0
2829,0.0
2830,2.0
2831,0.0
2832,1006.0
2833,0.0
2834,0.0
2835,0.0
2836,0.0
2837,0.0
2838,998.0
2839,18.0
2840,0.0
2841,0.0
2842,0.0
2843,1007.0
2844,0.0
2845,0.0
2846,0.0
2847,0.0
2848,0.0
2849,397.0
2850,1008.0
2851,1009.0
2852,0.0
2853,2.0
2854,0.0
2855,0.0
2856,0.0
2857,0.0
2858,47.0
2859,243.0
2860,63.0
2861,0.0
2862,0.0
2863,0.0
2864,525.0
2865,0.0
2866,116.0
2867,411.0
2868,0.0
2869,0.0
2870,0.0
2871,283.0
2872,0.0
2873,0.0
2874,0.0
2875,0.0
2876,0.0
2877,0.0
2878,0.0
2879,0.0
2880,206.0
2881,1010.0
2882,0.0
2883,0.0
2884,0.0
2885,0.0
2886,77.0
2887,1011.0
2888,0.0
2889,0.0
2890,170.0
2891,0.0
2892,441.0
2893,0.0
2894,0.0
2895,1012.0
2896,0.0
2897,0.0
2898,0.0
2899,2.0
2900,0.0
2901,0.0
2902,0.0
2903,1013.0
2904,0.0
2905,0.0
2906,0.0
2907,485.0
2908,0.0
2909,671.0
2910,0.0
2911,0.0
2912,1014.0
2913,174.0
2914,0.0
2915,1015.0
2916,0.0
2917,0.0
2918,0.0
2919,0.0
2920,0.0
2921,485.0
2922,0.0
2923,0.0
2924,174.0
2925,0.0
2926,0.0
2927,0.0
2928,0.0
2929,0.0
2930,0.0
2931,1016.0
2932,0.0
2933,0.0
2934,0.0
2935,0.0
2936,0.0
2937,1017.0
2938,831.0
2939,1.0
2940,0.0
2941,0.0
2942,1018.0
2943,0.0
2944,0.0
2945,0.0
2946,1019.0
2947,0.0
2948,0.0
2949,63.0
2950,0.0
2951,1020.0
2952,0.0
2953,0.0
2954,0.0
2955,0.0
2956,1021.0
2957,58.0
2958,0.0
2959,1022.0
2960,671.0
2961,0.0
2962,0.0
2963,0.0
2964,0.0
2965,0.0
2966,63.0
2967,0.0
2968,0.0
2969,0.0
2970,0.0
2971,0.0
2972,1023.0
2973,0.0
2974,0.0
2975,1024.0
2976,0.0
2977,471.0
2978,0.0
2979,0.0
2980,0.0
2981,913.0
2982,179.0
2983,1025.0
2984,0.0
2985,0.0
2986,0.0
2987,0.0
2988,0.0
2989,0.0
2990,0.0
2991,0.0
2992,0.0
2993,0.0
2994,0.0
2995,0.0
2996,0.0
2997,0.0
2998,1026.0
2999,0.0
3000,0.0
3001,0.0
3002,133.0
3003,0.0
3004,0.0
3005,1.0
3006,0.0
3007,133.0
3008,0.0
3009,105.0
3010,1027.0
3011,126.0
3012,0.0
3013,449.0
3014,1028.0
3015,0.0
3016,1029.0
3017,0.0
3018,0.0
3019,0.0
3020,0.0
3021,0.0
3022,0.0
3023,0.0
3024,0.0
3025,1030.0
3026,519.0
3027,0.0
3028,0.0
3029,1031.0
3030,44.0
3031,0.0
3032,0.0
3033,0.0
3034,1032.0
3035,0.0
3036,0.0
3037,0.0
3038,0.0
3039,1033.0
3040,0.0
3041,0.0
3042,0.0
3043,1034.0
3044,0.0
3045,1035.0
3046,397.0
3047,1036.0
3048,0.0
3049,1037.0
3050,0.0
3051,0.0
3052,104.0
3053,0.0
3054,0.0
3055,0.0
3056,0.0
3057,0.0
3058,0.0
3059,0.0
3060,1038.0
3061,0.0
3062,0.0
3063,0.0
3064,0.0
3065,0.0
3066,0.0
3067,237.0
3068,0.0
3069,1039.0
3070,1.0
3071,0.0
3072,0.0
3073,0.0
3074,93.0
3075,0.0
3076,1040.0
3077,241.0
3078,665.0
3079,0.0
3080,0.0
3081,0.0
3082,0.0
3083,0.0
3084,0.0
3085,0.0
3086,0.0
3087,44.0
3088,0.0
3089,0.0
3090,0.0
3091,86.0
3092,1041.0
3093,0.0
3094,2.0
3095,0.0
3096,548.0
3097,0.0
3098,1042.0
3099,1043.0
3100,411.0
3101,1044.0
3102,0.0
3103,0.0
3104,0.0
3105,0.0
3106,0.0
3107,0.0
3108,52.0
3109,1045.0
3110,380.0
3111,235.0
3112,0.0
3113,0.0
3114,0.0
3115,1046.0
3116,0.0
3117,0.0
3118,489.0
3119,0.0
3120,0.0
3121,47.0
3122,0.0
3123,434.0
3124,0.0
3125,0.0
3126,0.0
3127,206.0
3128,0.0
3129,1047.0
3130,0.0
3131,0.0
3132,802.0
3133,206.0
3134,0.0
3135,0.0
3136,0.0
3137,0.0
3138,0.0
3139,1048.0
3140,0.0
3141,57.0
3142,0.0
3143,0.0
3144,57.0
3145,241.0
3146,0.0
3147,0.0
3148,0.0
3149,411.0
3150,287.0
3151,0.0
3152,1049.0
3153,0.0
3154,0.0
3155,0.0
3156,0.0
3157,0.0
3158,0.0
3159,0.0
3160,0.0
3161,0.0
3162,1050.0
3163,1051.0
3164,0.0
3165,0.0
3166,981.0
3167,1052.0
3168,0.0
3169,1053.0
3170,0.0
3171,0.0
3172,290.0
3173,133.0
3174,0.0
3175,0.0
3176,0.0
3177,0.0
3178,0.0
3179,0.0
3180,1054.0
3181,0.0
3182,0.0
3183,0.0
3184,428.0
3185,1055.0
3186,0.0
3187,0.0
3188,665.0
3189,1056.0
3190,0.0
3191,0.0
3192,0.0
3193,49.0
3194,432.0
3195,0.0
3196,0.0
3197,0.0
3198,58.0
3199,174.0
3200,206.0
3201,0.0
3202,0.0
3203,0.0
3204,0.0
3205,1057.0
3206,1058.0
3207,1059.0
3208,0.0
3209,0.0
3210,0.0
3211,174.0
3212,0.0
3213,621.0
3214,44.0
3215,0.0
3216,0.0
3217,206.0
3218,0.0
3219,0.0
3220,0.0
3221,0.0
3222,0.0
3223,0.0
3224,0.0
3225,0.0
3226,1060.0
3227,0.0
3228,1061.0
3229,170.0
3230,0.0
3231,208.0
3232,0.0
3233,0.0
3234,0.0
3235,0.0
3236,0.0
3237,0.0
3238,1062.0
3239,1063.0
3240,0.0
3241,1064.0
3242,0.0
3243,0.0
3244,0.0
3245,0.0
3246,0.0
3247,0.0
3248,0.0
3249,1065.0
3250,0.0
3251,1.0
3252,0.0
3253,0.0
3254,326.0
3255,0.0
3256,0.0
3257,1066.0
3258,0.0
3259,0.0
3260,0.0
3261,0.0
3262,0.0
3263,0.0
3264,0.0
3265,1067.0
3266,0.0
3267,0.0
3268,0.0
3269,1068.0
3270,0.0
3271,0.0
3272,149.0
3273,0.0
3274,0.0
3275,1013.0
3276,1069.0
3277,41.0
3278,0.0
3279,1070.0
3280,0.0
3281,1071.0
3282,0.0
3283,1072.0
3284,0.0
3285,0.0
3286,59.0
3287,1073.0
3288,0.0
3289,0.0
3290,0.0
3291,0.0
3292,260.0
3293,0.0
3294,0.0
3295,411.0
3296,0.0
3297,0.0
3298,0.0
3299,0.0
3300,0.0
3301,0.0
3302,0.0
3303,1074.0
3304,0.0
3305,0.0
3306,0.0
3307,0.0
3308,0.0
3309,0.0
3310,0.0
3311,0.0
3312,1075.0
3313,0.0
3314,18.0
3315,0.0
3316,0.0
3317,0.0
3318,0.0
3319,1076.0
3320,63.0
3321,0.0
3322,0.0
3323,0.0
3324,537.0
3325,0.0
3326,0.0
3327,0.0
3328,55.0
3329,569.0
3330,1077.0
3331,0.0
3332,105.0
3333,0.0
3334,0.0
3335,0.0
3336,1078.0
3337,0.0
3338,0.0
3339,0.0
3340,0.0
3341,0.0
3342,0.0
3343,1079.0
3344,0.0
3345,0.0
3346,0.0
3347,0.0
3348,0.0
3349,0.0
3350,0.0
3351,1080.0
3352,1081.0
3353,18.0
3354,0.0
3355,0.0
3356,1081.0
3357,0.0
3358,1082.0
3359,0.0
3360,0.0
3361,1083.0
3362,0.0
3363,0.0
3364,0.0
3365,55.0
3366,0.0
3367,244.0
3368,0.0
3369,537.0
3370,0.0
3371,0.0
3372,1.0
3373,0.0
3374,0.0
3375,0.0
3376,1084.0
3377,97.0
3378,734.0
3379,0.0
3380,0.0
3381,170.0
3382,0.0
3383,49.0
3384,405.0
3385,1085.0
3386,0.0
3387,0.0
3388,0.0
3389,0.0
3390,0.0
3391,0.0
3392,0.0
3393,0.0
3394,0.0
3395,1086.0
3396,41.0
3397,0.0
3398,806.0
3399,1087.0
3400,0.0
3401,0.0
3402,0.0
3403,1088.0
3404,0.0
3405,1089.0
3406,133.0
3407,1021.0
3408,264.0
3409,0.0
3410,0.0
3411,0.0
3412,137.0
3413,0.0
3414,836.0
3415,0.0
3416,0.0
3417,0.0
3418,1090.0
3419,0.0
3420,0.0
3421,179.0
3422,0.0
3423,0.0
3424,0.0
3425,0.0
3426,0.0
3427,0.0
3428,0.0
3429,0.0
3430,1091.0
3431,1092.0
3432,0.0
3433,0.0
3434,0.0
3435,0.0
3436,0.0
3437,0.0
3438,0.0
3439,0.0
3440,1066.0
3441,84.0
3442,0.0
3443,0.0
3444,0.0
3445,0.0
3446,0.0
3447,1093.0
3448,1094.0
3449,1095.0
3450,105.0
3451,0.0
3452,441.0
3453,0.0
3454,0.0
3455,1096.0
3456,0.0
3457,0.0
3458,0.0
3459,1097.0
3460,0.0
3461,0.0
3462,0.0
3463,4.0
3464,0.0
3465,1023.0
3466,0.0
3467,0.0
3468,0.0
3469,0.0
3470,170.0
3471,0.0
3472,235.0
3473,0.0
3474,518.0
3475,143.0
3476,0.0
3477,0.0
3478,943.0
3479,101.0
3480,0.0
3481,0.0
3482,1098.0
3483,0.0
3484,0.0
3485,0.0
3486,1099.0
3487,1100.0
3488,1101.0
3489,0.0
3490,116.0
3491,0.0
3492,0.0
3493,0.0
3494,0.0
3495,0.0
3496,0.0
3497,0.0
3498,52.0
3499,0.0
3500,206.0
3501,0.0
3502,1101.0
3503,0.0
3504,0.0
3505,0.0
3506,0.0
3507,0.0
3508,0.0
3509,0.0
3510,1102.0
3511,0.0
3512,0.0
3513,0.0
3514,0.0
3515,0.0
3516,1079.0
3517,0.0
3518,0.0
3519,2.0
3520,0.0
3521,1103.0
3522,0.0
3523,0.0
3524,0.0
3525,104.0
3526,290.0
3527,1104.0
3528,1042.0
3529,0.0
3530,380.0
3531,0.0
3532,1105.0
3533,0.0
3534,0.0
3535,0.0
3536,0.0
3537,0.0
3538,913.0
3539,1106.0
3540,0.0
3541,0.0
3542,0.0
3543,0.0
3544,0.0
3545,0.0
3546,1107.0
3547,244.0
3548,1108.0
3549,0.0
3550,0.0
3551,0.0
3552,0.0
3553,18.0
3554,0.0
3555,218.0
3556,0.0
3557,0.0
3558,0.0
3559,0.0
3560,0.0
3561,462.0
3562,0.0
3563,565.0
3564,208.0
3565,111.0
3566,0.0
3567,0.0
3568,44.0
3569,1109.0
3570,0.0
3571,267.0
3572,0.0
3573,0.0
3574,0.0
3575,0.0
3576,0.0
3577,1110.0
3578,0.0
3579,0.0
3580,0.0
3581,0.0
3582,0.0
3583,1111.0
3584,1045.0
3585,208.0
3586,0.0
3587,0.0
3588,0.0
3589,0.0
3590,0.0
3591,1112.0
3592,0.0
3593,0.0
3594,0.0
3595,1113.0
3596,0.0
3597,1094.0
3598,0.0
3599,1114.0
3600,1115.0
3601,0.0
3602,0.0
3603,0.0
3604,1003.0
3605,1116.0
3606,1117.0
3607,58.0
3608,600.0
3609,1118.0
3610,14.0
3611,0.0
3612,0.0
3613,143.0
3614,0.0
3615,1119.0
3616,1120.0
3617,0.0
3618,0.0
3619,0.0
3620,601.0
3621,1121.0
3622,0.0
3623,0.0
3624,0.0
3625,0.0
3626,0.0
3627,0.0
3628,0.0
3629,0.0
3630,0.0
3631,0.0
3632,0.0
3633,0.0
3634,1122.0
3635,1110.0
3636,0.0
3637,0.0
3638,0.0
3639,0.0
3640,0.0
3641,0.0
3642,0.0
3643,0.0
3644,0.0
3645,0.0
3646,1079.0
3647,1123.0
3648,0.0
3649,1124.0
3650,0.0
3651,1125.0
3652,0.0
3653,0.0
3654,61.0
3655,0.0
3656,1126.0
3657,0.0
3658,0.0
3659,0.0
3660,0.0
3661,1127.0
3662,34.0
3663,0.0
3664,0.0
3665,0.0
3666,0.0
3667,1128.0
3668,244.0
3669,0.0
3670,0.0
3671,0.0
3672,0.0
3673,0.0
3674,0.0
3675,1014.0
3676,666.0
3677,133.0
3678,0.0
3679,0.0
3680,163.0
3681,0.0
3682,0.0
3683,0.0
3684,1129.0
3685,0.0
3686,0.0
3687,0.0
3688,116.0
3689,1130.0
3690,121.0
3691,1000.0
3692,13.0
3693,0.0
3694,1131.0
3695,0.0
3696,63.0
3697,26.0
3698,57.0
3699,0.0
3700,0.0
3701,0.0
3702,1132.0
3703,0.0
3704,208.0
3705,220.0
3706,0.0
3707,1000.0
3708,0.0
3709,0.0
3710,295.0
3711,0.0
3712,0.0
3713,0.0
3714,0.0
3715,81.0
3716,222.0
3717,0.0
3718,0.0
3719,1061.0
3720,41.0
3721,1078.0
3722,0.0
3723,0.0
3724,0.0
3725,744.0
3726,0.0
3727,0.0
3728,0.0
3729,0.0
3730,0.0
3731,1.0
3732,0.0
3733,0.0
3734,0.0
3735,0.0
3736,0.0
3737,383.0
3738,0.0
3739,0.0
3740,21.0
3741,0.0
3742,0.0
3743,537.0
3744,0.0
3745,0.0
3746,1005.0
3747,116.0
3748,0.0
3749,87.0
3750,241.0
3751,0.0
3752,0.0
3753,0.0
3754,0.0
3755,0.0
3756,0.0
3757,0.0
3758,0.0
3759,0.0
3760,0.0
3761,0.0
3762,0.0
3763,0.0
3764,0.0
3765,0.0
3766,111.0
3767,55.0
3768,108.0
3769,0.0
3770,0.0
3771,0.0
3772,1133.0
3773,0.0
3774,0.0
3775,1097.0
3776,0.0
3777,0.0
3778,0.0
3779,0.0
3780,208.0
3781,0.0
3782,0.0
3783,0.0
3784,0.0
3785,0.0
3786,1134.0
3787,1135.0
3788,1136.0
3789,0.0
3790,0.0
3791,0.0
3792,0.0
3793,479.0
3794,0.0
3795,1137.0
3796,0.0
3797,0.0
3798,0.0
3799,1138.0
3800,102.0
3801,0.0
3802,89.0
3803,0.0
3804,0.0
3805,1139.0
3806,0.0
3807,0.0
3808,0.0
3809,0.0
3810,41.0
3811,0.0
3812,0.0
3813,0.0
3814,1140.0
3815,0.0
3816,0.0
3817,264.0
3818,0.0
3819,0.0
3820,1141.0
3821,0.0
3822,0.0
3823,0.0
3824,1142.0
3825,0.0
3826,0.0
3827,101.0
3828,0.0
3829,0.0
3830,0.0
3831,0.0
3832,0.0
3833,1143.0
3834,0.0
3835,0.0
3836,0.0
3837,0.0
3838,0.0
3839,0.0
3840,0.0
3841,0.0
3842,0.0
3843,0.0
3844,149.0
3845,462.0
3846,0.0
3847,0.0
3848,0.0
3849,230.0
3850,0.0
3851,0.0
3852,0.0
3853,1144.0
3854,1145.0
3855,0.0
3856,0.0
3857,0.0
3858,0.0
3859,0.0
3860,0.0
3861,0.0
3862,1045.0
3863,0.0
3864,591.0
3865,0.0
3866,41.0
3867,1146.0
3868,18.0
3869,0.0
3870,1147.0
3871,0.0
3872,0.0
3873,0.0
3874,1148.0
3875,0.0
3876,0.0
3877,0.0
3878,0.0
3879,0.0
3880,0.0
3881,0.0
3882,1149.0
3883,0.0
3884,0.0
3885,0.0
3886,0.0
3887,0.0
3888,1150.0
3889,0.0
3890,0.0
3891,1151.0
3892,0.0
3893,0.0
3894,0.0
3895,0.0
3896,0.0
3897,1108.0
3898,0.0
3899,0.0
3900,0.0
3901,0.0
3902,0.0
3903,1152.0
3904,0.0
3905,0.0
3906,0.0
3907,1153.0
3908,0.0
3909,0.0
3910,0.0
3911,0.0
3912,0.0
3913,0.0
3914,0.0
3915,0.0
3916,0.0
3917,0.0
3918,0.0
3919,0.0
3920,0.0
3921,0.0
3922,0.0
3923,0.0
3924,0.0
3925,1154.0
3926,1155.0
3927,0.0
3928,0.0
3929,0.0
3930,0.0
3931,0.0
3932,0.0
3933,0.0
3934,0.0
3935,0.0
3936,1156.0
3937,383.0
3938,0.0
3939,0.0
3940,0.0
3941,0.0
3942,0.0
3943,0.0
3944,0.0
3945,0.0
3946,0.0
3947,0.0
3948,0.0
3949,0.0
3950,1157.0
3951,0.0
3952,1002.0
3953,1158.0
3954,1159.0
3955,0.0
3956,0.0
3957,143.0
3958,0.0
3959,1160.0
3960,0.0
3961,0.0
3962,0.0
3963,0.0
3964,0.0
3965,0.0
3966,0.0
3967,0.0
3968,0.0
3969,0.0
3970,0.0
3971,1045.0
3972,0.0
3973,0.0
3974,0.0
3975,0.0
3976,1161.0
3977,0.0
3978,0.0
3979,0.0
3980,0.0
3981,0.0
3982,63.0
3983,0.0
3984,0.0
3985,0.0
3986,0.0
3987,0.0
3988,1162.0
3989,0.0
3990,0.0
3991,0.0
3992,0.0
3993,0.0
3994,0.0
3995,0.0
3996,0.0
3997,0.0
3998,1163.0
3999,0.0
4000,0.0
4001,0.0
4002,0.0
4003,0.0
4004,0.0
4005,0.0
4006,0.0
4007,0.0
4008,0.0
4009,0.0
4010,0.0
4011,0.0
4012,0.0
4013,0.0
4014,241.0
4015,0.0
4016,0.0
4017,0.0
4018,0.0
4019,0.0
4020,1164.0
4021,0.0
4022,1165.0
4023,1166.0
4024,0.0
4025,1163.0
4026,0.0
4027,93.0
4028,0.0
4029,0.0
4030,1167.0
4031,0.0
4032,1168.0
4033,1169.0
4034,0.0
4035,0.0
4036,0.0
4037,264.0
4038,170.0
4039,174.0
4040,1170.0
4041,0.0
4042,0.0
4043,0.0
4044,157.0
